week	Gen 0	Gen 1	Gen 2	Gen 3	Gen 4
week 0	46.11394211581945	34.13911597224437	28.281184622083522	10.689724295091848	48.26138995459212
week 1	22.40828259028177	35.843712258060464	29.389444464986493	8.28976719001195	21.088462804111863
week 2	22.582168966411775	21.766257727957125	3.8129543698078465	31.218688981667302	5.3090405784933274
week 3	26.065556293766214	40.994847987541824	11.404553724949043	9.497227179210016	49.09163722921413
week 4	22.872995048347676	27.485637014236463	11.535759027756528	1.1886158826621365	30.627140301181516
week 5	45.639452544223104	34.17439200701134	38.92018399905138	1.775939748293432	32.68039336106726
week 6	5.10363501748909	1.542569217668253	1.9575112241979349	0.019141768096246237	1.8067893086761364
week 7	20.707940874775932	13.502885340202903	0.0	2.537504673050137	9.609164736760485
