week	1
0	32.7557
1	19.4507
2	17.3075
3	21.4821
4	15.2547
5	27.9633
6	2.04967
7	17.5499
8	16.1775
9	9.08986
