week	Gen 0	Gen 1	Gen 2	Gen 3	Gen 4
0	50.148775237474176	23.37317076859308	49.367350260948264	-7.976588861731422	19.615588910363893
1	47.074782228719315	-1.9344154045995154	-31.884088695225053	0.40719792424202567	52.72523053111837
2	14.059054039707325	-4.353161298009527	-73.64166494767443	8.900880001757114	-19.46166012855272
3	57.51053101427508	17.637386648416218	-54.17297010022825	-0.7239399168726729	47.15099492264986
4	36.2119807284533	29.064024498980128	-114.98322169877733	0.2794619066746299	32.199482101862046
5	83.29295544799362	85.4255200891444	79.02119368725792	-11.709055836961126	93.73372256657808
6	36.128971421618076	39.52874478073778	-306.90522273609935	-0.9036036050189162	33.39025450979569
7	-37.71007568244302	17.825017759867485	-148.21685936473236	0.6540631195002293	12.127801547869572
8	41.87963971563158	59.61247259082402	19.777384156987385	-6.007103071185992	12.945954884291059
