week	Gen 0	Gen 1	Gen 2	Gen 3	Gen 4
0	108.28576866267045	-317.8390201273825	106.74356305457037	170.35129269656846	95.10299780925524
1	125.54929932508325	-313.8719804484609	82.26887911549062	113.0955068307435	85.7248199814048
2	96.64721633618775	-330.9875134399323	118.14393974809931	-11.411761208082565	88.56254091466643
3	122.53452028054035	-240.42372904104684	115.00944576757288	115.97682339368063	407.63794659527264
4	24.982521611934487	71.86543010741673	104.69311916276006	54.99039583006217	-31.85972271602368
5	124.10529869703517	-95.34944646724914	118.93930013527174	102.0565202717238	109.60943855464305
6	112.70009959259892	-294.8401383592161	123.37790134336537	105.29807205544972	228.08272392072433
7	85.2202697132527	-219.2660341012282	23.65838562689256	109.8821217621885	417.9327481399299
