week	Gen 0	Gen 1	Gen 2	Gen 3	Gen 4
0	98.61144048728227	98.28372728729005	91.6802956810989	-8.886625876461663	90.47210042582967
1	98.73647456933989	61.40149476572808	11.939889639011069	21.702309307084956	93.77355217270734
2	98.35040225050572	95.79641430738832	47.87768452409651	11.731680875979828	98.97196083497691
3	97.32189771504562	92.36545878444733	86.81300532322595	-9.635496504004076	98.13394080576347
4	97.2957303542436	94.25828158720044	95.16883850385528	-0.28166944520623044	93.04239067262289
5	98.65030121102518	88.89067981770509	97.89975797281758	-12.054872685685657	98.54116851601434
6	89.897664084965	91.51678590177256	95.14428807236187	-0.4938059726399702	92.71828885599743
7	94.25726674849736	83.66393592704351	94.27077192409098	-11.983616979589812	76.89091746391054
8	97.80155436262281	94.05737251087308	60.99508858947128	2.055412173762367	96.60175797548388
