week	Gen 0	Gen 1	Gen 2	Gen 3	Gen 4
0	98.29478625006972	98.34809512707469	92.00005504312276	-8.983730219313063	95.4308289322048
1	98.19696623809656	57.64198721714825	16.77875354777341	21.182717037085137	93.0238958724004
2	96.7717962516982	95.60231164931382	47.82558471402267	11.875874362100882	98.89986740859948
3	94.41096642161808	91.40708823382278	89.29809007321575	-10.166479317193698	97.5380804960976
4	96.47526142195669	95.69166707125925	95.26746067683023	-0.4350559353391262	96.03915953663319
5	98.72424907270103	91.11118857355103	97.69984231664525	-12.180140175854183	95.89934939617525
6	86.39915737700821	89.01253938348613	94.13280708159134	-0.351713739194825	90.67471929091833
7	88.01530314734876	81.1450860254249	96.40526430013617	-11.937628400516926	93.40491847709693
8	98.05715842400907	94.23030902960437	65.58578613082916	1.8106132598143838	96.58380872156339
