week	Gen 0	Gen 1	Gen 2	Gen 3	Gen 4
0	8.951670406947192	16.522260036450913	19.786996011865376	36.463046138470844	20.185684686108612
1	3.958532864565196	15.350347365682094	9.947835433402885	28.900691780499123	30.90330760335831
2	31.941227605334806	27.402319816747323	7.843187961458202	3.433597723009459	11.956524659467487
3	24.288982082819807	44.00011799858196	4.5919756593795835	-3.309714630171098e-13	1.4078275585982602e-13
4	8.563360485097704	38.081883454087226	1.1115632611192905	-1.5948259423145153e-13	-6.756827011598265e-14
5	10.873025085468614	9.230469712542961	14.303483293793393	42.41525240494221	18.933782297672412
6	23.85640132981979	42.647044260871944	13.550848428851955	28.97114477918901	22.06753972412092
