week	Gen 0	Gen 1
0	10.596078980021668	93.01925442940293
1	-0.7989403080610308	97.52635998896281
2	33.2616617684187	36.90036588603237
3	15.991060114136483	95.15870363244014
4	-3.5798053322126435	95.70331549900388
5	3.7807336477113123	99.90941045110647
6	-3.890160035555364	99.94117745567242
7	6.925475247991515	99.74467917186888
8	-5.289694952236298	99.96721362270023
9	11.191102878067797	75.15748284386743
