week	Gen 0	Gen 1
0	10.59723789602487	93.00896023545944
1	-1.3352170096066105	97.52643306762303
2	33.261194211035686	36.900626028065666
3	15.989239117738638	95.14565307127802
4	-3.580020106625455	95.70373959556314
5	3.7805778654041937	99.90827965119232
6	-3.8875377769331068	99.90328981827183
7	6.925466438733956	99.74540689786326
8	-5.289807871532643	99.96869297623779
9	11.19107650904607	75.16178672277897
