week	Gen 0	Gen 1
0	10.597361199403695	93.00979428098663
1	-0.9168221387186969	97.52098593454201
2	33.26133909152319	36.90158450791989
3	15.991571468007526	95.16202950830932
4	-3.5800955168318356	95.70216906394961
5	3.780663242914694	99.90973690098063
6	-3.8913993168523517	99.96464668652098
7	6.925405296355988	99.74052001686141
8	-5.290127565013847	99.97231609002051
9	11.191506064698906	75.15940856911145
