Week	Adaptive 0	Adaptive 1
0	20.8056
1	8.97004
2	33.855
3	23.4335
4	1.40169
5	6.08292
6	1.16741
7	9.62669
8	-1.96208
9	15.3657
