week	Spectral 0	Spectral 1	Spectral 2	Spectral 3	Spectral 4
0	0.0	17.04251493745729	0.0	0.0	0.0
1	0.0	13.3476240296737	0.0	21.52585847667322	0.0
