week	Gen 0	Gen 1
0	10.597989769303728	93.00326599938083
1	-1.334551138966101	97.52157858862212
2	33.26186036596332	36.89802955061993
3	15.991630768074131	95.16238857001198
4	-3.5799337959171873	95.70362183396087
5	3.7806035530179387	99.9086301672391
6	-3.8887930866575804	99.92442602340279
7	6.926163267229765	99.72434511425867
8	-5.289924816640514	99.96611889100143
9	11.191481959805616	75.16106613824132
