week	Gen 0	Gen 1
0	10.598489117803622	93.00121417012916
1	-0.9169945541502661	97.52238381094726
2	33.262321083005055	36.89709434304324
3	15.991728855427075	95.16387424999364
4	-3.5800687278149184	95.70191891793567
5	3.780607026164948	99.90979912302006
6	-3.891660277795947	99.9775882042879
7	6.925540278691216	99.74562130939567
8	-5.289866121248598	99.9671228132503
9	11.190945201750662	75.1643553685071
