Week	Adaptive 0	Adaptive 1	Adaptive 2	Adaptive 3	Adaptive 4	Adaptive 5
0	95.4798	81.5408	97.331	98.393	5.98595
1	95.6918	88.6737	98.8894	98.4806	-8.50089
2	81.7854	-4.11493	92.1264	87.1929	29.5707
3	95.3719	81.6684	98.655	97.39	9.38954
4	88.3453	90.3282	94.0051	97.1756	-9.03832
5	89.5451	96.2737	95.5996	97.831	0.724114
6	93.121	92.1399	94.4088	98.9764	-10.5074
7	79.1728	94.5035	90.8059	93.9195	1.64274
8	70.7785	96.5137	74.0288	96.1833	-12.6074
9	88.0451	62.6732	97.0304	98.2862	3.95743
