week	Gen 0	Gen 1
0	10.596656168645012	93.01299130645306
1	-0.8501199682657233	97.52526733347602
2	33.26166313896213	36.898928195322675
3	15.991546462720537	95.1631305758971
4	-3.5800071053938143	95.70174481741783
5	3.7805467617454833	99.90752747070518
6	-3.8917257301095534	99.97294298382184
7	6.925365007365553	99.74222813387172
8	-5.289742142917612	99.96825668313716
9	11.19114322585447	75.15784302199418
