week	1
0	13.1469
1	11.1935
2	12.4278
3	6.38559
4	6.15905
5	2.17891
6	10.0312
7	8.52974
8	6.31791
