week	1
0	3.4085
1	6.9747
2	8.25946
3	11.7234
4	2.88332
5	9.96568
6	0.533213
7	1.60118
8	2.1486
9	2.32866
