week	1
0	11.1904
1	12.6373
2	12.1193
3	7.43954
4	7.01703
5	6.87482
6	1.80345
