week	Gen 0	Gen 1	Gen 2	Gen 3	Gen 4
0	24.699394668163475	33.05134668374292	27.12654032176904	7.386486178295389	23.121788780684646
1	20.701759377902658	21.462076333411677	4.28069356695364	30.928914212526493	4.934863741968591
2	29.456928856602506	45.750606416066745	11.927554950820689	13.483342467406512	57.61111728999365
3	20.563696672498672	26.350463434851655	8.563816344448671	1.9065246748418478	31.4413983831897
4	45.090527597365984	34.13076716475145	39.238508819205755	1.7276468200412263	31.553840749006458
5	6.997446646014585	1.745769340771819	2.837746746590631	0.018354758067507658	3.8980641598408363
6	28.873984412077817	23.76117697354268	4.818882013161827	4.839221832854903	7.851527721259711
7	37.73935652801723	27.193253492099885	4.416123485369595	8.535241237119426	16.55907442758049
8	26.914532171051693	14.8808888416443	1.7344813765881464	7.654639360262601	10.53781644615928
