week	Spectral 0	Spectral 1	Spectral 2
0	98.27351306555659	5.255622262349178	0.055703609100167
1	188.03988971459785	2.6133698940726156	0.07985245530047802
