week	Genetic 0	Genetic 1	Genetic 2	Genetic 3
0	35.89870972468779	42.73336983825157	13.956802271643756	41.50215922636021
1	13.422986968638174	33.54656826827983	9.981318667402498	29.3606996577649
