week	Spectral 0	Spectral 1
0	20.795690656143766	0.0
1	12.408616553362926	0.0
