week	Spectral 0	Spectral 1	Spectral 2
0	3.455603093685074	26.61892642988599	96.20068141306183
1	4.142030315155658	40.31061576904608	173.1497550527356
