week	Spectral 0	Spectral 1	Spectral 2	Spectral 3
0	3.455603093685074	116.0634601345443	3.350748134385647	3.405399574017977
1	4.142030315155658	204.2191815984246	5.935993148596541	3.3051960747601044
