week	Genetic 0	Genetic 1	Genetic 2	Genetic 3
0	10.01613465883532	88.53563065208476	2.9851540311199614	2.050423663616842
1	16.595981896826373	168.10852720529897	3.735821458699778	4.704243631504777
