week	Genetic 0	Genetic 1	Genetic 2
0	14.877634331386162	3.8824681241355847	107.51510848111201
1	21.6514789826646	6.891268647491071	189.05965350678207
