week	Genetic 0	Genetic 1
0	98.77433715075279	1.310682750614729
1	198.90449892001305	0.6472447053986646
