week	Spectral 0	Spectral 1	Spectral 2
0	92.18062493734197	5.404627062484536	11.814015295023594
1	180.52006856978971	5.213331773662048	10.58094455173034
