week	Genetic 0	Genetic 1
0	99.88724677957097	15.982224195972226
1	99.52945927085537	3.06966303691847
