week	Spectral 0	Spectral 1	Spectral 2	Spectral 3	Spectral 4
0	8.37715243275437	0.0	0.0	0.0	14.346468038995852
1	18.29205600827006	0.0	0.0	0.0	6.6541813818354845
