week	Genetic 0	Genetic 1	Genetic 2
0	6.39586769365823	91.32249741167251	99.55347218124504
1	-5.621632393872508	95.29697879770524	99.74237570978619
