week	Genetic 0	Genetic 1
0	17.928510221048477	108.34670071558503
1	26.989097507896815	190.6133036290421
