week	Spectral 0	Spectral 1	Spectral 2	Spectral 3
0	19.51290595512299	0.0	4.420068919325704	0.0
1	11.014700467130298	0.0	7.124016889027601	0.0
