week	Spectral 0	Spectral 1	Spectral 2	Spectral 3
0	18.0157688161305	0.0	0.0	6.517530254199564
1	11.560814648112121	0.0	0.0	19.993408890726116
