week	Genetic 0	Genetic 1	Genetic 2	Genetic 3
0	7.152849881789379	99.12008020852731	98.64571994035677	80.95164877952624
1	-4.621684711104927	99.2030712430652	93.87796992900607	92.50617983355232
