week	Spectral 0	Spectral 1	Spectral 2	Spectral 3
0	3.405399574017977	113.83207304029077	3.455603093685074	5.582135228639583
1	3.3051960747601044	202.3128599808507	4.142030315155658	7.84231476617051
