week	Genetic 0	Genetic 1	Genetic 2	Genetic 3
0	13.658361168599114	45.52902606181593	39.31349538843166	38.09119873175795
1	9.196634802788505	40.05595961265577	33.46569844202691	7.86760509392102
