week	Genetic 0	Genetic 1
0	14.836056780319714	48.728064731262215
1	10.666982190175082	22.4713948189765
