week	Genetic 0	Genetic 1	Genetic 2	Genetic 3
0	1.824139395654317	91.27797965211727	1.4573030446620354	8.970698812712847
1	3.449903401598455	168.01994686831995	4.377470686666541	16.4798951206526
