week	Genetic 0	Genetic 1	Genetic 2
0	98.74559109284328	1.347145640889771	0.02347782590165275
1	196.42059443122835	1.116967534954505	0.020316627558746376
