week	Spectral 0	Spectral 1	Spectral 2
0	5.255622262349178	120.96388506518309	0.055703609100167
1	2.6133698940726156	214.9091787875641	0.07985245530047802
