week	Genetic 0	Genetic 1
0	17.490469653654955	108.7847412829787
1	26.84295125641917	190.75944988051924
