week	Spectral 0	Spectral 1
0	124.99582063826853	1.2793902983645244
1	214.59838648744653	3.0040146494891964
