week	Genetic 0	Genetic 1	Genetic 2
0	2.266776513659888	8.355176716362557	92.28142410957179
1	6.927552038990541	15.909232499201053	169.5976369802338
