week	Genetic 0	Genetic 1
0	92.74715966924	9.105440970671399
1	94.40576798858132	-4.482678257861563
