week	Spectral 0	Spectral 1	Spectral 2
0	5.255622262349178	0.9336219847025031	98.38064413628234
1	2.6133698940726156	1.4872315636057767	188.45381824229275
