week	Genetic 0
0	99.81925010763584
1	200.2710983965395
