week	Genetic 0	Genetic 1	Genetic 2
0	4.679533346605986	105.65143883674409	15.944238753283265
1	10.282633867331064	187.2157015053224	20.104065764284314
