week	Spectral 0	Spectral 1
0	98.2473181059325	5.255622262349178
1	188.03104945959876	2.6133698940726156
