week	Spectral 0	Spectral 1	Spectral 2
0	7.531544283859105	5.404627062484536	92.13693064846103
1	7.043000510108733	5.213331773662048	180.96259498569236
