week	Genetic 0	Genetic 1
0	108.81852954998106	17.456681386652598
1	191.01971000415256	26.582691132786394
