week	Spectral 0	Spectral 1	Spectral 2
0	11.81286606726903	13.486546062817546	0.0
1	34.12184383913157	6.026875117747254	0.0
