week	Spectral 0	Spectral 1
0	11.303771506178254	20.043305473719656
1	26.440362737508128	11.848144037962713
