week	Spectral 0	Spectral 1	Spectral 2
0	26.61892642988599	97.42489741249301	2.231387094253922
1	40.31061576904608	175.3854637503174	1.9063216175739477
