week	Spectral 0	Spectral 1
0	121.01958867428317	5.255622262349178
1	214.98903124286448	2.6133698940726156
