week	Genetic 0	Genetic 1	Genetic 2	Genetic 3
0	105.12211475656483	2.264277599910102	5.761336677431217	13.12748190272751
1	188.174158536454	3.102347954797672	8.767597590977687	17.558297054708348
