week	Spectral 0	Spectral 1	Spectral 2
0	84.87491415256954	5.986091067760558	25.702056114819356
1	165.88941307705238	3.6775986179822127	25.64216114051891
