week	Spectral 0	Spectral 1	Spectral 2
0	94.24122207311768	5.686990187938932	26.346998675576515
1	171.9213999482987	6.048351932729702	39.632649255908746
