week	Spectral 0	Spectral 1	Spectral 2	Spectral 3	Spectral 4
0	0.0	0.0	19.51290595512299	0.0	0.0
1	0.0	0.0	11.014700467130298	0.0	0.0
