week	Spectral 0	Spectral 1
0	2.231387094253922	124.04382384237914
1	1.9063216175739477	215.69607951936223
