week	Spectral 0	Spectral 1	Spectral 2
0	7.32625623448918	4.965071437141497	18.072305224856137
1	39.71707455399681	13.805746893613675	9.460216733894878
