week	Genetic 0	Genetic 1	Genetic 2
0	14.260122723009019	36.61183670099435	52.27995741035025
1	10.186231136190985	17.61099017902454	30.738251277978883
