week	Spectral 0	Spectral 1
0	0.0	20.033175082421803
1	0.0	12.624989902981898
