week	Spectral 0	Spectral 1	Spectral 2	Spectral 3
0	89.84296771176213	8.146824418498348	10.498267599014682	3.2667643017245585
1	177.66094803079557	8.895586685510267	12.711938469307569	3.205319693206306
