week	Genetic 0
0	21.10089358614828
1	13.208872871495917
