week	Genetic 0	Genetic 1	Genetic 2
0	90.52790219091486	9.339697632761705	2.842546486342883
1	169.55225221616354	16.20221974157336	6.340819244026761
