week	Genetic 0	Genetic 1
0	1.2819800795372696	98.71117463871546
1	1.5322139590572708	198.73987374944346
