week	Genetic 0	Genetic 1	Genetic 2
0	8.35641816295211	92.08694240731256	2.278790730901431
1	18.363699868442183	169.89338847440774	3.942291830778732
