week	Genetic 0	Genetic 1	Genetic 2
0	4.44181904664811	13.590542747623566	108.24284914236199
1	7.239208790435697	20.19993100027328	190.16326134622875
