week	Spectral 0	Spectral 1
0	3.455603093685074	98.21494076822597
1	4.142030315155658	186.51102055866284
