week	Spectral 0	Spectral 1	Spectral 2
0	8.126945106389478	5.686990187938932	112.46127564230522
1	11.683242739135665	6.048351932729702	199.87080646507172
