week	Spectral 0	Spectral 1	Spectral 2
0	0.0	0.8279324908069539	18.427910478084097
1	0.0	1.381064187482463	12.102609750175617
