week	Spectral 0	Spectral 1	Spectral 2	Spectral 3
0	97.63060100189136	6.220035824726374	22.368870500915847	0.055703609100167
1	181.4634628866554	4.433952837543487	31.625132957438723	0.07985245530047802
