week	Spectral 0	Spectral 1	Spectral 2	Spectral 3
0	0.0	0.0	0.0	19.766347636099137
1	0.0	0.0	0.0	11.565590848225575
