week	Spectral 0	Spectral 1	Spectral 2	Spectral 3
0	3.2667643017245585	5.404627062484536	3.350748134385647	91.5289294281431
1	3.205319693206306	5.213331773662048	5.935993148596541	178.79202268447284
