week	Genetic 0	Genetic 1	Genetic 2	Genetic 3
0	6.542005200143727	3.4932976579671724	16.799502039923155	99.4404060385994
1	7.662092791976043	7.880366995280095	23.766770397607516	178.29317095207352
