week	Spectral 0	Spectral 1
0	99.94252647835765	1.1347709423651864
1	189.17246055326996	2.2097422794763695
