week	Genetic 0	Genetic 1	Genetic 2
0	90.52071938304856	99.52146264830985	5.486658322955843
1	96.5151789310484	95.20409047397055	-6.191738225440427
