week	Genetic 0	Genetic 1
0	9.080317223587429	92.45831911026198
1	20.806785471032427	170.41599003961414
