week	Genetic 0	Genetic 1	Genetic 2	Genetic 3
0	97.85251572991676	6.08790950382934	98.78280907154786	82.59787025289394
1	98.93505006479911	-7.490606517327711	99.51399584744914	95.04714267088622
