week	Spectral 0	Spectral 1	Spectral 2
0	0.0	11.2980460002008	13.265836239024424
1	0.0	38.446982918116234	6.417031854667353
