week	Genetic 0	Genetic 1	Genetic 2
0	15.787566644860611	104.55980312210897	5.9278411696641164
1	22.204913087350988	186.72894008874505	8.668547960841657
