week	Spectral 0	Spectral 1	Spectral 2
0	11.2980460002008	14.539595011598003	0.0
1	38.446982918116234	6.513902748502177	0.0
