week	Spectral 0	Spectral 1	Spectral 2	Spectral 3
0	0.0	19.51290595512299	14.770448699277692	0.0
1	0.0	11.014700467130298	23.360980329301118	0.0
