week	Spectral 0	Spectral 1
0	99.84845125054431	0.30895574525039804
1	188.74308349995727	1.120395749301446
