week	Genetic 0	Genetic 1
0	16.308982949354984	109.96622798727861
1	24.566640688109146	193.03576044882925
