week	Genetic 0	Genetic 1
0	0.00843089123875141	99.81136642912172
1	0.05195468867096221	200.220191088996
