week	Genetic 0	Genetic 1	Genetic 2	Genetic 3
0	1.885962020163372	92.0287204887389	99.38749772007515	96.35699359222474
1	-9.086430666354484	93.32783382223955	99.04598376187863	91.052173820828
