week	Genetic 0	Genetic 1	Genetic 2	Genetic 3
0	87.85231810309992	4.905643366218553	98.96820638206859	99.08389087207203
1	93.55678567565097	-6.155144126605139	99.13372809088318	91.81870215652947
