week	Spectral 0	Spectral 1	Spectral 2	Spectral 3
0	0.0	0.0	18.427910478084097	0.0
1	0.0	0.0	12.102609750175617	0.0
