week	Genetic 0	Genetic 1
0	9.166212079587517	92.40628029318248
1	20.81983140473409	170.41267137573493
