week	Genetic 0	Genetic 1	Genetic 2	Genetic 3
0	13.55212299280366	46.328676112107296	32.86628236464909	45.60876044724874
1	9.101547762897571	20.008103508903563	19.846893558731324	38.951195403859145
