week	Genetic 0	Genetic 1	Genetic 2
0	14.851276137911746	5.344702406937994	106.0792323917837
1	22.04764212269518	8.01788938281178	187.53686963143048
