week	Genetic 0	Genetic 1	Genetic 2
0	2.8817202810428797	91.0493817706179	99.81970258333
1	-7.1890296698015	95.40775664287227	95.6969338676947
