week	Spectral 0	Spectral 1
0	20.033175082421803	0.0
1	12.624989902981898	0.0
