week	Genetic 0	Genetic 1
0	92.86678208096859	8.875516178155644
1	94.2908268942585	-3.769121617936729
