week	Genetic 0	Genetic 1
0	92.7994061004189	9.061339391416785
1	94.28776200301262	-3.043850812112288
