week	Spectral 0	Spectral 1	Spectral 2	Spectral 3
0	5.404627062484536	94.844230914055	1.7785730799766934	0.9718352348711452
1	5.213331773662048	184.680130354531	2.7384299378539954	1.275574647733011
