week	Genetic 0	Genetic 1	Genetic 2	Genetic 3
0	18.349746457296604	2.3450638266907013	98.93974071158652	6.640659941059678
1	24.452953494673707	5.922548071909656	178.50679701714512	8.72010255320889
