week	Spectral 0	Spectral 1	Spectral 2
0	0.0	11.81286606726903	12.06811076693531
1	0.0	34.12184383913157	6.001340328483582
