week	Spectral 0	Spectral 1	Spectral 2	Spectral 3
0	33.37690201096343	0.0	0.8279324908069539	17.30542163311897
1	27.84608422837806	0.0	1.381064187482463	10.882657424129166
