week	Genetic 0	Genetic 1	Genetic 2
0	0.013192129988465726	1.4658905216885965	98.60550230266958
1	0.01317982396280375	0.5648603494857709	198.50582546215472
