week	Genetic 0	Genetic 1
0	1.2725601163799256	98.72062868938048
1	1.5319147929219765	197.50749983038324
