week	Genetic 0	Genetic 1	Genetic 2
0	105.58436175323146	14.734135123470622	5.9567140599313255
1	188.78202569727102	19.66551094227185	9.1548644973943
