week	Spectral 0	Spectral 1
0	0.0	20.795690656143766
1	0.0	12.408616553362926
