week	Spectral 0	Spectral 1
0	98.24805395806607	2.231387094253922
1	188.9311800911678	1.9063216175739477
