week	Genetic 0	Genetic 1	Genetic 2	Genetic 3
0	5.09067264693233	13.573549485292787	103.34468647238043	4.266302332027967
1	4.357106420901516	18.705703904134552	186.11711262194058	8.422478189961407
