week	Spectral 0	Spectral 1	Spectral 2
0	5.986091067760558	25.702056114819356	84.87491415256954
1	3.6775986179822127	25.64216114051891	165.88941307705238
