week	Genetic 0	Genetic 1	Genetic 2
0	41.70803681936042	14.475071875351489	46.59654664027846
1	13.675562526174318	10.406879207029334	41.17561409512204
