week	Spectral 0	Spectral 1
0	20.043305473719656	11.303771506178254
1	11.848144037962713	26.440362737508128
