week	Genetic 0	Genetic 1	Genetic 2
0	13.859866396429446	42.704209192323354	44.96067762347628
1	10.088818697086845	36.62892523145536	16.294910108343977
