week	Spectral 0	Spectral 1	Spectral 2	Spectral 3
0	4.965071437141497	19.51290595512299	0.0	0.0
1	13.805746893613675	11.014700467130298	0.0	0.0
