week	Spectral 0	Spectral 1	Spectral 2
0	0.2592731268871492	5.311325871449341	120.70461193829595
1	1.1035792507178606	2.6932223493730945	213.80559953684588
