week	Genetic 0	Genetic 1	Genetic 2
0	5.502649822800784	106.04729946349352	14.72526165033888
1	11.389577477245659	186.95506059984007	19.257763059851868
