week	Spectral 0	Spectral 1
0	125.96023420064529	0.3149767359873159
1	216.4189694309173	1.1834317060183341
