week	Genetic 0	Genetic 1	Genetic 2
0	105.4927690261311	15.524577805391615	5.257864105111061
1	185.96625518791302	23.749999987444184	7.886145961580333
