week	Genetic 0	Genetic 1
0	1.2717897831721674	98.71489831826285
1	0.5165838041176453	199.75552195678767
