week	Genetic 0	Genetic 1	Genetic 2
0	8.555793738622441	2.124389668357896	92.34766363625499
1	18.703661777387012	4.0686693634984685	169.70412842913436
