week	Genetic 0	Genetic 1
0	92.630075926534	8.930956059464748
1	170.6585108509737	20.69414871112177
