week	Genetic 0	Genetic 1	Genetic 2
0	0.02256577308445408	1.327768987071736	98.67918696681838
1	0.48064150996463595	0.5275100968208493	198.59239328540608
