week	Genetic 0	Genetic 1
0	7.477295288482242	118.79791564815122
1	11.04148598685758	206.56091515007847
