week	Spectral 0	Spectral 1
0	13.698439402837984	14.905833103618956
1	8.119785602008202	28.96178971006325
