week	Spectral 0	Spectral 1	Spectral 2
0	23.47446830217868	84.2856437463044	2.231387094253922
1	26.55589040573983	164.8152008754039	1.9063216175739477
