week	Genetic 0	Genetic 1	Genetic 2
0	99.71016879110131	6.8948175002003484	90.97478513207851
1	95.92098606053351	-5.2526645688878295	97.09495181702336
