week	Spectral 0	Spectral 1	Spectral 2	Spectral 3
0	3.350748134385647	3.405399574017977	5.686990187938932	113.83207304029077
1	5.935993148596541	3.3051960747601044	6.048351932729702	202.3128599808507
