week	Genetic 0	Genetic 1	Genetic 2	Genetic 3
0	17.040717286056847	101.24643495335073	3.6356119649721172	4.352446732253473
1	23.558876038877628	181.97482238917087	8.085467546913776	3.983235161974779
