week	Spectral 0	Spectral 1	Spectral 2
0	96.92777942996594	2.231387094253922	3.455603093685074
1	186.67021152518555	1.9063216175739477	4.142030315155658
