week	Genetic 0	Genetic 1	Genetic 2	Genetic 3
0	11.351049232041007	88.04714913995434	1.9921003784412878	2.40729171743944
1	18.887419190334057	165.04193831748307	5.220256734692711	3.12261301112661
