week	Genetic 0	Genetic 1	Genetic 2
0	4.350246423137172	14.496694334211483	107.428270179285
1	10.087823368752716	18.586667682634257	188.9279100855506
