week	Spectral 0	Spectral 1	Spectral 2	Spectral 3
0	0.0	19.652582772478155	0.0	0.0
1	0.0	11.889563321169334	0.0	0.0
