week	Genetic 0	Genetic 1	Genetic 2
0	1.396767814040163	98.68291694931071	0.017122134952908746
1	0.5648292197071118	198.04418428076812	0.4611001945173902
