week	Spectral 0	Spectral 1	Spectral 2	Spectral 3	Spectral 4
0	0.0	0.0	18.0157688161305	0.0	0.0
1	0.0	0.0	11.560814648112121	0.0	0.0
