week	Genetic 0	Genetic 1	Genetic 2
0	5.743640363241603	105.25172952595443	15.279841047437849
1	8.271821030987166	187.4589760040849	21.871604101865657
