week	Genetic 0	Genetic 1	Genetic 2
0	5.039466006793404	18.454514887707973	102.78123004213239
1	7.734607858306056	25.877283127740853	183.99051015089037
