week	Spectral 0	Spectral 1	Spectral 2	Spectral 3
0	12.265886058838122	9.857708555530023	8.138665824113787	4.071042744914812
1	5.096709458771938	25.77327651077819	15.874951341645744	3.021798988462358
