week	Genetic 0	Genetic 1
0	92.80045339025206	9.096735555409321
1	94.40686026734623	-3.834787498703275
