week	Genetic 0	Genetic 1	Genetic 2	Genetic 3
0	39.44710659638102	13.766343712867158	34.74486267929955	40.904098506939604
1	35.617735681885485	9.894549787873457	20.36724387656764	18.72420814325236
