week	Genetic 0	Genetic 1	Genetic 2
0	99.61406733458767	89.47777345242079	4.451411873169317
1	99.75752484333945	95.36488992153504	-7.15717452016138
