week	Genetic 0	Genetic 1	Genetic 2
0	51.76749434647911	14.058980354863843	39.07855682455036
1	29.93673598086648	10.253261208181556	15.733469506031664
