week	Genetic 0	Genetic 1	Genetic 2
0	46.86150073558446	13.880124203835017	41.9183210262083
1	30.28787221666037	10.10241560111874	16.61427638435166
