week	Spectral 0	Spectral 1	Spectral 2
0	15.605853311751005	107.21375453119742	3.455603093685074
1	22.575398898644863	190.8849719231357	4.142030315155658
