week	Genetic 0	Genetic 1	Genetic 2	Genetic 3
0	2.901292214440879	9.084271382640054	1.1772872206079583	90.02865216395878
1	6.228569053829922	16.961466642755397	1.620765672164909	168.0072434785019
