week	Spectral 0	Spectral 1	Spectral 2	Spectral 3
0	0.0	0.0	0.0	19.950354204245325
1	0.0	0.0	0.0	11.902817982416321
