week	Genetic 0	Genetic 1
0	17.71011212273082	108.56509881390281
1	26.83755940462251	190.76484173231597
