week	Genetic 0	Genetic 1	Genetic 2
0	6.479112460626514	15.086668892448344	104.70942958355846
1	9.754245130610194	20.3173651662415	187.53079084008596
