week	Genetic 0	Genetic 1
0	97.11784909682808	3.7362417058301816
1	182.94617944862796	7.714158596009824
