week	Genetic 0	Genetic 1	Genetic 2	Genetic 3
0	100.83351581299331	14.438259281400505	3.0366498657127234	7.96678597652685
1	180.659671596723	19.2760526740514	4.743635336417093	12.923041529745255
