week	Spectral 0	Spectral 1	Spectral 2
0	108.43797053062855	15.605853311751005	2.231387094253922
1	193.12068062071785	22.575398898644863	1.9063216175739477
