week	Spectral 0	Spectral 1	Spectral 2	Spectral 3
0	22.368870500915847	5.255622262349178	1.020117171477379	97.63060100189136
1	31.625132957438723	2.6133698940726156	1.90043539877135	181.4634628866554
