week	Spectral 0	Spectral 1	Spectral 2
0	119.99947150280633	1.020117171477379	5.255622262349178
1	213.0885958440931	1.90043539877135	2.6133698940726156
