week	Genetic 0	Genetic 1
0	48.728064731262215	14.836056780319714
1	22.4713948189765	10.666982190175082
