week	Spectral 0	Spectral 1	Spectral 2
0	3.455603093685074	2.231387094253922	120.5882207486938
1	4.142030315155658	1.9063216175739477	211.5540492042071
