week	Genetic 0	Genetic 1	Genetic 2
0	91.14972915174229	5.554716379435155	99.39564912336674
1	94.75240645707684	-6.642924580155032	99.78095823602958
