week	Genetic 0	Genetic 1	Genetic 2	Genetic 3
0	103.92591045261258	3.873803346398601	5.596835301580576	12.878661836041601
1	183.98498441538743	6.443703540904686	10.9894383524475	16.184274828197708
