week	Spectral 0	Spectral 1	Spectral 2	Spectral 3
0	19.59302243775661	0.0	4.965071437141497	4.071042744914812
1	11.625972416486107	0.0	13.805746893613675	3.021798988462358
