week	Genetic 0	Genetic 1	Genetic 2	Genetic 3
0	8.987112347667427	1.6000791872338045	89.50460423760222	3.181159353642663
1	17.247076612966737	4.160314115039387	167.09511940629227	4.095744995526225
