week	Genetic 0
0	20.95103277417831
1	7.964665210421977
