week	Genetic 0	Genetic 1
0	15.075376245839719	48.081653788779995
1	10.808202092980984	21.205990682592095
