week	Spectral 0	Spectral 1	Spectral 2	Spectral 3
0	4.071042744914812	19.59302243775661	0.0	7.475007081894558
1	3.021798988462358	11.625972416486107	0.0	25.833228807740195
