week	Spectral 0	Spectral 1	Spectral 2	Spectral 3
0	3.2667643017245585	91.5289294281431	3.455603093685074	5.164870224977843
1	3.205319693206306	178.79202268447284	4.142030315155658	5.816391648802487
