week	Spectral 0	Spectral 1	Spectral 2
0	98.38064413628234	0.9336219847025031	5.255622262349178
1	188.45381824229275	1.4872315636057767	2.6133698940726156
