week	Spectral 0	Spectral 1	Spectral 2
0	0.0	0.0	19.620856143185236
1	0.0	0.0	11.76240198314611
