week	Genetic 0	Genetic 1
0	1.2788797037032071	98.7303717650754
1	1.5408542964031964	197.7977508627877
