week	Spectral 0	Spectral 1	Spectral 2	Spectral 3	Spectral 4
0	0.0	0.0	0.0	16.644413030443907	0.0
1	0.0	0.0	0.0	11.35375775200301	0.0
