week	Spectral 0	Spectral 1	Spectral 2	Spectral 3
0	24.032137750554515	0.0	8.478946261595578	3.5593577572456554
1	38.45566036439599	0.0	21.742587800285854	0.9713365403961822
