week	Genetic 0	Genetic 1
0	0.009852273539159198	99.81006018150772
1	0.05161867129414164	200.22059190700276
