week	Genetic 0	Genetic 1	Genetic 2
0	101.51030480066862	17.95996234820069	6.804943787764294
1	184.6315341222247	22.424584749217686	10.546282265495435
