week	Genetic 0	Genetic 1	Genetic 2	Genetic 3
0	9.089622413311886	2.275431480424473	88.82246603128556	3.2600878547320633
1	15.421195836002155	7.102073971647968	162.80058296976983	6.598732283597453
