week	Spectral 0	Spectral 1	Spectral 2
0	3.455603093685074	2.231387094253922	96.92777942996594
1	4.142030315155658	1.9063216175739477	186.67021152518555
