week	Genetic 0	Genetic 1
0	109.07328385072327	17.201927085910704
1	191.3387944358767	26.263606701061505
