week	Spectral 0	Spectral 1	Spectral 2	Spectral 3
0	0.0	17.68144155844563	0.0	9.92383782020571
1	0.0	11.151278793337237	0.0	24.552673723932244
