week	Genetic 0	Genetic 1
0	92.45831911026198	9.080317223587429
1	170.41599003961414	20.806785471032427
