week	Spectral 0	Spectral 1	Spectral 2	Spectral 3
0	0.0	20.089553433192624	0.0	4.071042744914812
1	0.0	12.482097885180696	0.0	3.021798988462358
