week	Spectral 0	Spectral 1
0	124.04382384237914	2.231387094253922
1	215.69607951936223	1.9063216175739477
