week	Genetic 0	Genetic 1	Genetic 2
0	2.0256271329789577	92.11448962805196	8.25831023711438
1	4.268696718573246	170.3334793776237	17.641665386338488
