week	Spectral 0	Spectral 1	Spectral 2
0	5.255622262349178	1.020117171477379	119.99947150280633
1	2.6133698940726156	1.90043539877135	213.0885958440931
