week	Genetic 0	Genetic 1
0	9.067747549487828	92.75095523324404
1	-2.865154702222572	94.2906055779752
