week	Spectral 0	Spectral 1	Spectral 2
0	26.346998675576515	5.686990187938932	94.24122207311768
1	39.632649255908746	6.048351932729702	171.9213999482987
