week	Genetic 0	Genetic 1	Genetic 2
0	47.89314688924664	42.36495214881676	14.099497315217793
1	31.327583902303385	14.405138291328914	10.231560332490648
