week	Spectral 0	Spectral 1	Spectral 2	Spectral 3
0	94.844230914055	1.7785730799766934	3.061637694538497	3.455603093685074
1	184.680130354531	2.7384299378539954	2.9552174379752003	4.142030315155658
