week	Genetic 0	Genetic 1	Genetic 2
0	98.58506175987931	1.6075276639282146	0.012269137855184504
1	197.90474989008112	1.0297915035094278	0.45381350038385404
