week	Genetic 0	Genetic 1
0	17.146169601662482	99.78791396962862
1	2.7590859897155284	99.73855525189661
