week	Genetic 0	Genetic 1
0	98.7206897266061	1.28381395601943
1	196.23054956539687	1.532262119655107
