week	Genetic 0	Genetic 1	Genetic 2
0	15.315024884739131	5.193205705175565	105.76698034671853
1	21.029573042670933	10.492423059682523	186.0804050345846
