week	Genetic 0	Genetic 1	Genetic 2
0	15.362721107588051	6.484246503427361	104.42824332561815
1	21.252132402430377	9.641123327805133	186.7091454067023
