week	Genetic 0	Genetic 1
0	99.86851898996194	15.971999543512231
1	99.5279772726659	3.1191161822767923
