week	Genetic 0	Genetic 1	Genetic 2
0	14.335455021572365	107.67263349593259	4.267122419128352
1	21.272886804516062	189.6277158008512	6.701798531570937
