week	Spectral 0	Spectral 1	Spectral 2
0	13.842696825865517	92.67152877667917	2.231387094253922
1	13.895839140386272	180.5409872978388	1.9063216175739477
