week	Genetic 0	Genetic 1	Genetic 2	Genetic 3
0	101.3472303339392	5.359197212088457	15.61429993023652	3.9544834603692536
1	182.20842901886806	8.459976275924511	20.849804296521867	6.084191545622353
