week	Genetic 0	Genetic 1	Genetic 2	Genetic 3
0	98.59999519598873	85.27098077199666	5.020502710559092	99.15126265657506
1	99.04835508058773	95.26134249923906	-6.938970303384064	94.09908716958496
