week	Genetic 0	Genetic 1	Genetic 2
0	99.49197000491313	90.23019895725717	8.835375501771388
1	93.3605795346081	97.38855495687727	-4.4325764501011955
