week	Genetic 0	Genetic 1
0	7.4933053345929	118.78190560204081
1	10.935632609402845	206.66676852753358
