week	Spectral 0	Spectral 1	Spectral 2
0	14.03986698512104	4.965071437141497	11.517009457725292
1	6.351841916688872	13.805746893613675	43.68814852602173
