week	Genetic 0	Genetic 1
0	17.67555910613762	108.59965183049593
1	27.389174348325014	190.21322678861338
