week	Genetic 0	Genetic 1	Genetic 2
0	43.99531817688824	14.665001588632446	43.87355911468599
1	40.71695696374737	10.49480115018966	12.213850069556004
