week	Genetic 0	Genetic 1
0	98.72617239512057	1.2769002056225414
