week	Genetic 0	Genetic 1	Genetic 2
0	92.1759068199832	1.8707812893259117	8.808030177574999
1	169.46972017925077	4.882280141884529	17.92329215701558
