week	Spectral 0	Spectral 1
0	3.455603093685074	122.8196078429475
1	4.142030315155658	213.46037082178032
