week	Spectral 0	Spectral 1	Spectral 2	Spectral 3
0	113.83207304029077	3.350748134385647	5.686990187938932	3.405399574017977
1	202.3128599808507	5.935993148596541	6.048351932729702	3.3051960747601044
