week	Genetic 0	Genetic 1	Genetic 2
0	107.00692344429154	3.265128664696359	16.003158827645642
1	188.48570080322133	7.70427227203654	21.41242806168019
