week	Genetic 0	Genetic 1	Genetic 2	Genetic 3
0	40.54776639154709	34.50302239904231	11.223891724846634	46.291681711814505
1	41.4749124814385	23.967338733044787	8.24457027514086	32.883228418871326
