week	Spectral 0	Spectral 1	Spectral 2
0	8.478946261595578	18.0157688161305	0.0
1	21.742587800285854	11.560814648112121	0.0
