week	Genetic 0	Genetic 1
0	9.033672009546464	92.45850171139682
1	20.959993267339456	170.27008057069884
