week	Spectral 0	Spectral 1	Spectral 2
0	99.84845125054431	0.2592731268871492	0.055703609100167
1	188.74308349995727	1.1035792507178606	0.07985245530047802
