week	Spectral 0	Spectral 1
0	0.0	18.817012037316417
1	0.0	12.539235898417706
