week	Spectral 0	Spectral 1	Spectral 2
0	0.8279324908069539	0.0	18.427910478084097
1	1.381064187482463	0.0	12.102609750175617
