week	Genetic 0	Genetic 1	Genetic 2
0	91.08038700373638	99.75924499473598	6.6251243360124885
1	96.60184801538941	95.5304816073563	-7.00787558449454
