week	Genetic 0	Genetic 1	Genetic 2
0	99.54604893524224	89.63082793915892	9.728486386424038
1	99.81242750169608	96.98332344587321	-3.46859179271234
