week	Genetic 0	Genetic 1
0	92.20190623093106	10.231622812703337
1	97.89721431319796	-3.4810967109587585
