week	Spectral 0	Spectral 1	Spectral 2
0	125.96023420064529	0.2592731268871492	0.055703609100167
1	216.4189694309173	1.1035792507178606	0.07985245530047802
