week	Genetic 0	Genetic 1	Genetic 2
0	90.85194623107212	7.119389685310738	99.64026726212131
1	97.15925224917932	-5.193681871960411	95.12220637269833
