week	Spectral 0	Spectral 1
0	85.54782326443569	23.10186408970759
1	163.1394116286325	28.447799648452758
