week	Genetic 0	Genetic 1	Genetic 2	Genetic 3
0	13.87959214517769	103.59763224831181	5.406404856104086	3.3915816870398903
1	18.737902877709544	185.3532653318331	7.482748594641489	6.028484332753319
