week	Spectral 0	Spectral 1	Spectral 2
0	83.49573742783309	5.404627062484536	23.24349338893211
1	163.65851566582637	5.213331773662048	26.197430400607175
