week	Spectral 0	Spectral 1	Spectral 2	Spectral 3	Spectral 4
0	17.798846669227856	0.0	0.0	0.0	0.0
1	11.288932482265125	0.0	0.0	0.0	0.0
