week	Genetic 0	Genetic 1	Genetic 2
0	1.3972424084193553	98.75180261178004	0.03582496007429247
1	1.16522358538353	199.13320274816326	0.01898774036404964
