week	Genetic 0	Genetic 1
0	17.949826119662	52.77295772164926
1	11.027505948010985	35.61526863337909
