week	Spectral 0	Spectral 1
0	18.817012037316417	0.0
1	12.539235898417706	0.0
