week	Genetic 0	Genetic 1	Genetic 2
0	42.49224340342225	45.282495556074075	14.107268326406047
1	13.614853782680514	40.95906615134263	10.237787237324742
