week	Spectral 0	Spectral 1	Spectral 2
0	18.0157688161305	8.478946261595578	0.0
1	11.560814648112121	21.742587800285854	0.0
