week	Spectral 0	Spectral 1	Spectral 2
0	4.965071437141497	12.39406342105672	11.2980460002008
1	13.805746893613675	5.226932659190824	38.446982918116234
