week	Genetic 0	Genetic 1	Genetic 2	Genetic 3
0	15.484136121018551	102.02912317530144	5.257885962295138	3.504065678018163
1	21.024504267362644	184.50400838350413	5.213286887868236	6.860601598202223
