week	Spectral 0	Spectral 1	Spectral 2	Spectral 3
0	3.5593577572456554	4.018265209712228	24.032137750554515	0.0
1	0.9713365403961822	17.771940385591627	38.45566036439599	0.0
