week	Spectral 0	Spectral 1	Spectral 2
0	5.686990187938932	104.98236743694349	15.605853311751005
1	6.048351932729702	188.9786503055626	22.575398898644863
