week	Spectral 0	Spectral 1	Spectral 2
0	4.615366350373901	24.08868391052924	1.4703183106378486
1	18.525537115822008	45.23753137473619	0.22545368435212526
