week	Genetic 0	Genetic 1	Genetic 2
0	2.9060687401417535	14.137006436844608	109.23213575964706
1	7.0265225883211855	18.724591097214144	191.8512874514024
