week	Genetic 0	Genetic 1	Genetic 2
0	0.019448945482565407	1.941825864741364	98.20601416464744
1	0.018754502521506167	1.1994405582868313	197.15903206292484
