week	Spectral 0	Spectral 1	Spectral 2	Spectral 3
0	102.40368731826999	9.03773832232455	11.428385722020678	3.405399574017977
1	187.20209490904404	11.984345081326353	15.110765071807393	3.3051960747601044
