week	Genetic 0	Genetic 1	Genetic 2	Genetic 3
0	35.31357138330004	13.225138179451779	43.225203959788786	41.48443973297542
1	21.063623257033846	8.886246603448331	28.340382199311648	31.431033209427365
