week	Genetic 0	Genetic 1	Genetic 2
0	0.015948396502884186	98.7355317015947	1.328986503806726
1	0.46458245294318745	196.77518282771064	0.5594472958521739
