week	Spectral 0	Spectral 1	Spectral 2
0	3.455603093685074	13.842696825865517	92.99095342937915
1	4.142030315155658	13.895839140386272	178.63582246905526
