week	Spectral 0	Spectral 1	Spectral 2
0	4.965071437141497	11.402106646014879	11.779350372539147
1	13.805746893613675	4.806198812339357	33.899371118367874
