week	Genetic 0	Genetic 1
0	48.350889436186684	15.007839683244628
1	21.916211570338692	10.74094589948428
