week	Spectral 0	Spectral 1
0	5.255622262349178	121.01958867428317
1	2.6133698940726156	214.98903124286448
