week	Spectral 0	Spectral 1	Spectral 2	Spectral 3
0	94.15557863168499	5.970098289149757	16.993152728892596	0.055703609100167
1	179.70084196416906	3.64595338253001	19.463479237537427	0.07985245530047802
