week	Spectral 0	Spectral 1	Spectral 2	Spectral 3
0	2.231387094253922	94.844230914055	4.461064867101214	0.9718352348711452
1	1.9063216175739477	184.680130354531	5.273117286738696	1.275574647733011
