week	Spectral 0	Spectral 1
0	5.255622262349178	98.2473181059325
1	2.6133698940726156	188.03104945959876
