week	Genetic 0	Genetic 1
0	15.375556722537286	46.61155524845779
1	10.868035534355208	22.88281259970493
