week	Genetic 0	Genetic 1	Genetic 2	Genetic 3
0	15.325497511293705	5.944622944082894	102.1009234831995	2.904166998057333
1	21.23319776856566	8.594659410730415	184.16357146106986	3.6109724965714545
