week	Genetic 0	Genetic 1
0	120.46239399311747	5.812816943515774
1	205.9238239630638	11.678577173872448
