week	Spectral 0
0	126.2752109366325
1	217.6024011369359
