week	Spectral 0	Spectral 1	Spectral 2
0	3.455603093685074	23.47446830217868	84.59107662158698
1	4.142030315155658	26.55589040573983	162.75844897408524
