week	Genetic 0	Genetic 1
0	14.863187773815492	48.450835929493174
1	10.673409532347346	22.94483902377594
