week	Spectral 0	Spectral 1	Spectral 2
0	20.73017973950957	0.0	0.0
1	12.7881054067187	0.0	0.0
