week	Genetic 0	Genetic 1	Genetic 2	Genetic 3
0	33.332875789987284	38.06547308322971	13.812725665780162	44.832374173550235
1	15.211407124791194	27.60862766910175	10.09094230164206	22.65370545510579
