week	Spectral 0	Spectral 1	Spectral 2	Spectral 3
0	4.071042744914812	4.965071437141497	0.0	19.59302243775661
1	3.021798988462358	13.805746893613675	0.0	11.625972416486107
