week	Spectral 0	Spectral 1	Spectral 2	Spectral 3	Spectral 4
0	19.559887651186063	0.0	0.0	0.0	0.0
1	11.511926143864113	0.0	0.0	0.0	0.0
