week	Genetic 0	Genetic 1	Genetic 2
0	42.18547999820622	47.699963477428355	14.315326632929374
1	14.75863039720973	42.381695070069284	9.904632251079931
