week	Genetic 0	Genetic 1
0	118.36397719091343	7.911233745719674
1	205.62105333557088	11.981347801365665
