week	Spectral 0	Spectral 1	Spectral 2	Spectral 3
0	3.455603093685074	92.7468292944028	3.350748134385647	3.2667643017245585
1	4.142030315155658	178.72834345099432	5.935993148596541	3.205319693206306
