week	Genetic 0	Genetic 1	Genetic 2
0	52.71149312168569	35.93898032229609	13.905901699446055
1	29.713624809183475	22.778277069988697	9.667891242234969
