week	Genetic 0	Genetic 1	Genetic 2	Genetic 3
0	43.111070557702845	35.80908468003734	44.134221415410416	14.189761414371505
1	15.331254791064683	13.062800983451725	43.70627184140452	10.566351286524643
