week	Spectral 0	Spectral 1	Spectral 2
0	5.404627062484536	91.97078623588192	13.842696825865517
1	5.213331773662048	179.10086351384314	13.895839140386272
