week	Genetic 0	Genetic 1	Genetic 2
0	3.0638755415970884	9.664673927901369	90.14863923561813
1	6.855905329532632	15.689419435353642	169.4005179359633
