week	Spectral 0	Spectral 1
0	20.73017973950957	1.9115668076388754
1	12.7881054067187	5.326539452705142
