week	Spectral 0	Spectral 1
0	1.2793902983645244	124.99582063826853
1	3.0040146494891964	214.59838648744653
