week	Genetic 0	Genetic 1	Genetic 2	Genetic 3
0	33.38866526863439	13.036790697349446	45.205913127294764	44.69106997679283
1	19.82886127858808	9.305069706552686	35.43655076959299	21.606109502746403
