week	Genetic 0	Genetic 1	Genetic 2	Genetic 3
0	13.634340045444347	3.6739305096852917	103.05751831395304	5.909422067550775
1	18.187819036811888	9.810663540379721	181.0725049704788	8.53141358926683
