week	Spectral 0	Spectral 1	Spectral 2	Spectral 3
0	19.766347636099137	0.0	0.0	0.0
1	11.565590848225575	0.0	0.0	0.0
