week	Genetic 0	Genetic 1	Genetic 2
0	2.4866337929643016	90.98688790306522	9.260681567496874
1	7.168242861086789	168.3023932687048	16.7639207137143
