week	Spectral 0	Spectral 1
0	122.8196078429475	3.455603093685074
1	213.46037082178032	4.142030315155658
