week	Spectral 0	Spectral 1	Spectral 2
0	0.0	0.0	18.75797225543763
1	0.0	0.0	12.50262516685074
