week	Genetic 0	Genetic 1
0	92.64462717026248	8.998773329271174
1	170.63139406790708	20.483335444180995
