week	Spectral 0	Spectral 1	Spectral 2
0	14.539595011598003	11.2980460002008	0.0
1	6.513902748502177	38.446982918116234	0.0
