week	Genetic 0	Genetic 1	Genetic 2
0	8.586194013274614	2.795281310851337	90.89364378519565
1	18.793712110507073	4.619771953533032	168.9620323592501
