week	Genetic 0	Genetic 1	Genetic 2
0	1.3660409500001989	0.012502902668866578	98.75978639230253
1	0.7146168537046592	0.4689607784864989	199.1206883065318
