week	Genetic 0	Genetic 1	Genetic 2
0	2.7703016629184134	90.45440954874607	9.308699681013877
1	5.7955078081307505	168.23831753620368	18.430441940018653
