week	Genetic 0	Genetic 1	Genetic 2
0	15.268469658370414	106.2470591170349	4.759682161227982
1	19.88311772996856	188.2662349643997	9.453048442569411
