week	Genetic 0
0	99.6300130512094
1	188.85957660543545
