week	Genetic 0	Genetic 1
0	109.96622798727861	16.308982949354984
1	193.03576044882925	24.566640688109146
