week	Genetic 0	Genetic 1
0	109.30051793563752	16.974693000996112
1	191.89374545119972	25.70865568573872
