week	Spectral 0	Spectral 1
0	99.12662375105288	27.148587185580737
1	177.55662924552144	40.04577189141639
