week	Genetic 0	Genetic 1	Genetic 2
0	1.4562754441879022	0.0310295414945636	98.69862242167655
1	0.7405987875613863	0.4623795520944537	198.26968693324224
