week	Spectral 0	Spectral 1	Spectral 2
0	19.620856143185236	0.0	0.0
1	11.76240198314611	0.0	0.0
