week	Genetic 0	Genetic 1
0	9.06269742880045	92.78999366704376
