week	Spectral 0	Spectral 1	Spectral 2	Spectral 3
0	1.7785730799766934	94.844230914055	0.9718352348711452	5.404627062484536
1	2.7384299378539954	184.680130354531	1.275574647733011	5.213331773662048
