week	Spectral 0	Spectral 1	Spectral 2
0	92.67152877667917	13.842696825865517	2.231387094253922
1	180.5409872978388	13.895839140386272	1.9063216175739477
