week	Spectral 0	Spectral 1	Spectral 2	Spectral 3
0	19.59302243775661	4.071042744914812	0.0	8.00339988857515
1	11.625972416486107	3.021798988462358	0.0	12.63881630985956
