week	Genetic 0	Genetic 1
0	108.56509881390281	17.71011212273082
