week	Spectral 0	Spectral 1	Spectral 2
0	13.842696825865517	92.99095342937915	3.455603093685074
1	13.895839140386272	178.63582246905526	4.142030315155658
