week	Genetic 0	Genetic 1	Genetic 2
0	3.6168889225668828	107.94456125024232	14.713760763824311
1	7.200535768656245	190.30568231398843	20.096183054293405
