week	Spectral 0	Spectral 1	Spectral 2
0	120.5882207486938	2.231387094253922	3.455603093685074
1	211.5540492042071	1.9063216175739477	4.142030315155658
