week	Spectral 0	Spectral 1	Spectral 2
0	6.2757394338265335	33.85800357423173	86.14146792857562
1	4.5138052928439585	46.82433386264347	166.26426198145043
