week	Spectral 0	Spectral 1	Spectral 2
0	5.2673516788669765	0.2592731268871492	98.46127410738796
1	2.656027220016629	1.1035792507178606	187.92954220087813
