week	Genetic 0	Genetic 1
0	1.2752332531183261	98.72764674974808
1	1.5330252657749064	196.5714389166098
