week	Spectral 0	Spectral 1	Spectral 2	Spectral 3
0	0.8279324908069539	0.0	33.37690201096343	17.30542163311897
1	1.381064187482463	0.0	27.84608422837806	10.882657424129166
