week	Spectral 0	Spectral 1	Spectral 2	Spectral 3
0	20.89540389711383	0.0	0.0	4.071042744914812
1	12.255310585118862	0.0	0.0	3.021798988462358
