week	Genetic 0	Genetic 1
0	9.630494881170788	92.27860703850246
1	-3.6534559541422005	97.48238603639741
