week	Genetic 0	Genetic 1
0	48.87354294041578	14.712418852740958
1	22.858363831386523	10.59770323933957
