week	Spectral 0	Spectral 1	Spectral 2	Spectral 3
0	0.0	0.0	37.32943711057408	17.369544946621513
1	0.0	0.0	28.8435413827232	10.882095529407868
