week	Genetic 0	Genetic 1
0	99.80770761283468	0.01232817270825747
1	200.24220858661243	0.030533026674290652
