week	Genetic 0	Genetic 1	Genetic 2	Genetic 3
0	4.450944734024398	99.16785614676694	98.32308936277195	86.88438421565363
1	-7.722739635609469	99.34757122881135	99.50185936500364	93.62941746962717
