week	Genetic 0	Genetic 1	Genetic 2	Genetic 3
0	6.069262202645742	104.08251722619633	2.4007674357908826	13.722664072000512
1	7.607315203756226	185.4780074880448	6.002400527210138	18.514677917926193
