week	Genetic 0	Genetic 1	Genetic 2	Genetic 3
0	5.01070395125641	3.0294302053769915	13.384889777744988	104.85018700225521
1	4.6699127238142	7.350545745671713	18.08575064413492	187.49619202331667
