week	Spectral 0	Spectral 1
0	98.21494076822597	3.455603093685074
1	186.51102055866284	4.142030315155658
