week	Genetic 0	Genetic 1
0	93.05830822745992	8.707112351454825
1	172.0565654092377	18.94510233740627
