week	Spectral 0	Spectral 1	Spectral 2
0	11.402106646014879	4.965071437141497	11.779350372539147
1	4.806198812339357	13.805746893613675	33.899371118367874
