week	Genetic 0	Genetic 1	Genetic 2	Genetic 3
0	40.21892628938338	13.979361246869566	39.18091375214712	39.98446853152119
1	20.338192170450068	9.776541312936606	12.07868440544511	37.410348181708514
