week	Spectral 0	Spectral 1	Spectral 2	Spectral 3
0	3.455603093685074	117.23747261430793	3.350748134385647	2.231387094253922
1	4.142030315155658	205.6180560556113	5.935993148596541	1.9063216175739477
