week	Spectral 0	Spectral 1	Spectral 2
0	107.23648475670262	5.686990187938932	13.351735991991802
1	192.76414215130183	6.048351932729702	18.789907052904837
