week	Spectral 0	Spectral 1
0	2.231387094253922	98.24805395806607
1	1.9063216175739477	188.9311800911678
