week	Gen 0
0	119.56125772270298
1	176.882175775765
2	54.90743440549863
3	87.89364028564265
4	205.4685733427451
5	270.79286972509556
6	181.93868698038577
7	129.60770790624554
