Week	Adaptive 0	Adaptive 1	Adaptive 2
0	10.5967	93.0107
1	-0.94454	97.5207
2	33.2618	36.899
3	15.9907	95.1566
4	-3.58001	95.7033
5	3.78063	99.909
6	-3.88952	99.9355
7	6.92539	99.7428
8	-5.28998	99.9672
9	11.1788	75.3364
