week	Gen 0	Gen 1	Gen 2	Gen 3	Gen 4
0	98.40601555218254	97.60235884075897	90.34571621512684	-8.75377833411891	93.8673948670361
1	98.35962476887146	59.30420125401601	13.136770831111757	21.450984357679033	93.02004748836885
2	97.62203448692375	95.95685687130975	47.715330476542796	11.712433361361832	98.79840195273322
3	97.56745341088345	92.10971160139995	89.25637415089346	-10.207987184738784	97.99046159409241
4	96.87898427557906	96.00656558624951	97.19692998066304	-0.42051142823271465	96.85820945545593
5	99.01751581115978	91.2377020482517	98.20752377352277	-12.27772097662799	98.83471529431401
6	93.58787243039114	92.42235265201735	93.22617830757535	-0.7508926033937607	93.99474115538854
7	95.69836463110458	83.05418708979437	95.29794038479659	-12.24884790727863	91.21873859878171
8	96.802584404904	92.37752116079349	67.00563861293027	2.213744907840403	85.72537530473932
